,Passage,Summary,Style
0,"어느 날 아기 돼지 삼형제는 어머니로부터 독립하여 살게 된다. 세 마리의 아기 돼지들은 자신만의 집을 짓기로 약속한다. 첫째 돼지는 지푸라기, 둘째 돼지는 나무로 허술하게 집을 지었지만 셋째 돼지는 벽돌로 튼튼하게 집을 짓게 된다. 어느 날, 그들을 잡아 먹으려고 하는 늑대가 나타나 허술하게 지어진 첫째, 둘째 돼지의 집을 단숨에 무너뜨려 그들을 잡아먹는다. 그러나 튼튼한 셋째 돼지의 집만은 무너지지 않았다. 집이 무너지지 않는다는 것을 깨달은 늑대는 셋째 돼지를 밖으로 유인하려 했다. 늑대는 순무 밭, 사과나무, 시장으로 가서 셋째 돼지를 유인하려 했으나 셋째 돼지가 늑대와의 약속 시간보다 한 시간 일찍 나간 탓에 계획은 실패하고 말았다. 늑대는 셋째 돼지의 집 굴뚝으로 들어가는 계획을 세우지만 결국 그것을 눈치 챈 셋째 돼지가 뜨거운 솥을 놓아 늑대는 죽게 된다.","세 마리의 아기 돼지들은 자신만의 집을 짓기로 약속한다. 첫째 돼지는 지푸라기, 둘째 돼지는 나무로 허술하게 집을 지었지만 셋째 돼지는 벽돌로 튼튼하게 집을 짓게 된다. 어느 날, 그들을 잡아 먹으려고 하는 늑대가 나타나 허술하게 지어진 첫째, 둘째 돼지의 집을 단숨에 무너뜨려 그들을 잡아먹는다. 그러나 튼튼한 셋째 돼지의 집만은 무너지지 않았다. 늑대는 셋째 돼지의 집 굴뚝으로 들어가는 계획을 세우지만 결국 그것을 눈치 챈 셋째 돼지가 뜨거운 솥을 놓아 늑대는 죽게 된다.",horror fairy tale
1,"하얀 눈이 깃털처럼 흩날리던 날, 왕비는 흑단나무로 만든 자수틀로 작업을 하고 있었다. 작업을 하던 중, 하얀 눈을 감상하다 그만 손을 찔려 세 방울의 피를 눈 위에 떨어뜨렸다. 왕비는 떨어진 핏방울을 보며 눈처럼 하얗고, 피처럼 새빨갛고 흑단처럼 까만 아이를 가지길 소망했고, 소원대로 얼마 지나지 않아 피부가 눈처럼 하얗고, 입술은 피처럼 새빨갛고, 머리카락은 흑단처럼 까만 딸을 낳았다. 왕비는 아이의 이름을 백설이라 지었는데 기쁨도 잠시, 얼마 지나지 않아 산후병으로 세상을 떠나게 된다. 몇 년 후, 왕은 재혼을 했다. 새 왕비는 아름다웠으나 오만했고, 인격이 바르지 못했다. 게다가 자신보다 미모가 더 뛰어난 사람이 있는 것을 참을 수 없어했다. 왕비는 진실만을 말하는 마법 거울에게 물으면서, 매일매일 자신이 이 세상에서 가장 아름답다는 사실을 확인하곤 했다. ""왕비마마보다 아름다운 사람은 없습니다.""라는 답변을 받으면 만족해했다. 어느덧 백설공주는 나이를 먹고 하루하루 예뻐져, 7살이 되어서는 왕비의 미모를 능가했다. 어느 날, 왕비는 평소처럼 거울에게 질문을 했는데, 거울이 ""백설공주가 더 아름답습니다.""라고 답했다. 그 말을 듣자 질투심이 일어 화가 난 왕비는 사냥꾼을 불러 백설공주를 숲에 데리고 가서 죽이도록 명령했으나 백설공주를 불쌍히 여긴 사냥꾼은 차마 백설공주를 죽이지 못하고, 숲 속으로 도망치게 했다. ","왕비는 아이의 이름을 백설이라 지었는데 기쁨도 잠시, 얼마 지나지 않아 산후병으로 세상을 떠나게 된다. 몇 년 후, 왕은 재혼을 했다. 왕비는 진실만을 말하는 마법 거울에게 물으면서, 매일매일 자신이 이 세상에서 가장 아름답다는 사실을 확인하곤 했다. 어느덧 백설공주는 나이를 먹고 하루하루 예뻐져, 7살이 되어서는 왕비의 미모를 능가했다. 그 말을 듣자 질투심이 일어 화가 난 왕비는 사냥꾼을 불러 백설공주를 숲에 데리고 가서 죽이도록 명령했으나 백설공주를 불쌍히 여긴 사냥꾼은 차마 백설공주를 죽이지 못하고, 숲 속으로 도망치게 했다. ",horror fairy tale
2,"숲속에서 도망치던 중, 난쟁이의 집을 발견한 백설공주는 일곱 난쟁이와 함께 생활하게 되었다. 수년 후 거울을 통해 백설공주가 살아있다는 사실을 안 왕비는 행상인으로 변장하고 백설공주를 찾아가서 자신이 파는 물건을 보여준 뒤 그 중 레이스끈으로 공주를 목졸라 쓰러지게 했다. 저녁에 돌아온 난쟁이들은 끈을 잘라 공주를 다시 살렸고, 공주가 살았음을 안 왕비는 이번에는 빗에 독을 묻힌 뒤, 또다른 행상인으로 변장하여 공주를 찾아가서 빗으로 머리를 빗겨 독이 퍼지게 하여 공주를 쓰러지게 했다. 저녁에 돌아온 난쟁이들은 빗을 빼내어 다시 공주를 살렸다. 또 다시 공주가 살았음을 안 왕비는 독사과를 만들어 사과 파는 행상인으로 가장해 백설공주에게 주었고, 아무 의심도 하지 않은 백설공주는 먹고 그대로 쓰러져 숨을 거두었다. 난쟁이들은 차마 백설공주를 묻을 수 없어 유리관을 짜서 안에 공주를 안치하고 숲에 두었다. 마법거울이 세상에서 가장 아름다운 여인이 왕비마마라고 달래어서 왕비는 흡족해하였다. 오랜 시간이 흐른 어느 날, 한 다른 나라 왕자가 지나가던 중 그것을 발견하고 난쟁이들에게 후한 대접을 하는 조건으로 관을 가져갔고, 하인들이 관을 나르다가 덤불에서 휘청거리는 바람에 백설공주의 목구멍에서 독사과가 빠져나와 백설공주는 다시 살아났다. 왕자는 아름다운 백설공주에게 청혼하여 결혼식을 올렸고, 계모 왕비는 그 결혼식에 초대받기 전 거울을 통해 백설공주가 살아있다는 사실을 알게 되자 또 분노했다. 이웃나라 왕자는 혼례식 잔치에 백설공주의 계모를 초대했고, 결혼식에 참석한 왕비는 현장에서 체포되었고, 왕자와 공주는 빨갛게 달군 쇠로 만든 신발을 신겼으며, 왕비는 뜨거워서 아주 미친듯 펄쩍펄쩍 날뛰다가 최후를 맞았다.","숲속에서 도망치던 중, 난쟁이의 집을 발견한 백설공주는 일곱 난쟁이와 함께 생활하게 되었다. 수년 후 거울을 통해 백설공주가 살아있다는 사실을 안 왕비는 행상인으로 변장하고 백설공주를 찾아가서 자신이 파는 물건을 보여준 뒤 그 중 레이스끈으로 공주를 목졸라 쓰러지게 했다. 또 다시 공주가 살았음을 안 왕비는 독사과를 만들어 사과 파는 행상인으로 가장해 백설공주에게 주었고, 아무 의심도 하지 않은 백설공주는 먹고 그대로 쓰러져 숨을 거두었다. 오랜 시간이 흐른 어느 날, 한 다른 나라 왕자가 지나가던 중 그것을 발견하고 난쟁이들에게 후한 대접을 하는 조건으로 관을 가져갔고, 하인들이 관을 나르다가 덤불에서 휘청거리는 바람에 백설공주의 목구멍에서 독사과가 빠져나와 백설공주는 다시 살아났다. 왕자는 아름다운 백설공주에게 청혼하여 결혼식을 올렸고, 계모 왕비는 그 결혼식에 초대받기 전 거울을 통해 백설공주가 살아있다는 사실을 알게 되자 또 분노했다.",fantasy vivid colors
3,"어느 날 아주 아리따운 공주가 금으로 만들어진 공을 가지고 숲에서 놀다가, 실수로 공을 샘에 떨어뜨렸다. 마침 그 샘에 있던 개구리가 이를 보고 공주에게 가서 자신이 공을 찾아주겠노라 한다. 개구리는 공을 가져다주는 조건으로, 공주의 궁에서 지내게 해 주고 공주의 침대에서 재워주길 요구했다. 하지만 공을 되찾은 공주는 개구리를 따돌리고 성으로 돌아와버린다. 그럼에도 불구하고 개구리는 집요하게도 결국 공주를 찾아온다. 개구리의 존재를 눈치챈 왕에게 딸인 공주는 대수롭지 않은 일이라 얼버무렸지만 개구리를 통해 자초지종을 들은 왕은 불명예스럽지 않은 공주가 되려면 약속을 지켜야 한다며 공주에게 약속의 이행을 요구한다. 때문에 어쩔 수 없이 공주는 개구리의 요구를 따른다. 이래저래 식사까지 마친 개구리는 이제 침대에 같이 눕게 해 달라 요구하는데, 공주는 그동안 참아왔던 혐오감과 분노가 폭발하여 죽일 기세로 개구리를 벽에 집어 던진다. 하지만 벽에 부딪친 개구리는 웬일인지 마법이 풀려 원래의 잘생긴 왕자의 모습으로 돌아오게 되며 공주는 이러한 모습에 깜짝 놀라게 된다. 왕자에게 저주에 걸려 개구리가 되었다는 이야기를 듣게 된 공주는 그를 허락하여 둘은 잠자리에 들게 된다. 다음날 왕자의 하인인 하인리히와 함께 마차를 타고 이후 둘은 왕자의 나라로 떠나게 된다.","어느 날 아주 아리따운 공주가 금으로 만들어진 공을 가지고 숲에서 놀다가, 실수로 공을 샘에 떨어뜨렸다. 개구리는 공을 가져다주는 조건으로, 공주의 궁에서 지내게 해 주고 공주의 침대에서 재워주길 요구했다. 하지만 공을 되찾은 공주는 개구리를 따돌리고 성으로 돌아와버린다. 그럼에도 불구하고 개구리는 집요하게도 결국 공주를 찾아온다. 이래저래 식사까지 마친 개구리는 이제 침대에 같이 눕게 해 달라 요구하는데, 공주는 그동안 참아왔던 혐오감과 분노가 폭발하여 죽일 기세로 개구리를 벽에 집어 던진다. 하지만 벽에 부딪친 개구리는 웬일인지 마법이 풀려 원래의 잘생긴 왕자의 모습으로 돌아오게 되며 공주는 이러한 모습에 깜짝 놀라게 된다. 다음날 왕자의 하인인 하인리히와 함께 마차를 타고 이후 둘은 왕자의 나라로 떠나게 된다.",fantasy vivid colors
4,"친절하고 상냥한 아름다운 아가씨 신데렐라는 어려서 부모님을 잃고 맘씨 나쁜 계모와 시기심 많은 언니들의 구박을 받으면서도 희망을 잃지 않았다. 친구들이라고는 거스와 자크같은 생쥐뿐이지만 그들은 무슨 일이든 신데렐라를 도왔다. 한편 왕궁에서는 혼인에 관심이 없는 왕자 때문에 왕은 근심에 빠져 있었고, 신하인 공작은 왕자의 짝을 찾을 무도회를 열자고 간언한다. 이에 왕은 교서를 내려 왕자의 환영 무도회가 열릴 것이니 나라 안 모든 여인들은 참석하라는 교지를 내린다. 이 소식을 들은 신데렐라의 두 언니는 왕자비가 될 것이라는 생각에 들떠 얼른 무도회 준비를 시작한다. 하지만 신데렐라도 무도회에 가고 싶다고 하자 트리메인 부인은, 만약 허드렛일을 다 끝내고 자리에 맞는 드레스도 준비한다면 무도회에 데리고 가겠다고 대답한다. 신데렐라는 죽은 어머니의 옛 드레스를 꺼내 수선해서 입으려고 했지만 할 일이 너무 많아서 드레스에 손을 대지 못한다. 이를 가엾게 여긴 생쥐들은 힘을 합쳐 드레스를 수선하기로 한다. 암컷들이 바느질을 하는 사이, 수컷인 자크와 거스는 아래층으로 내려가서 드레스에 곁들일 장신구를 찾는다. 마침 언니들이 팽개쳐 놓은 목걸이와 끈이 있어 두 생쥐는 심술궂은 고양이 루시퍼를 피해 장신구들을 챙겨 온다. 이윽고 저녁 8시가 되어 부인과 언니들이 나갈 채비를 하고, 신데렐라가 수선된 아름다운 드레스를 입고 나선다. 그러나 부인은 장신구가 언니들 것이란 걸 지적하고, 언니들은 자기 걸 뺏었다면서 드레스를 헤집어 엉망을 만들어 놓는다. 홀로 남겨진 신데렐라는 정원에서 서럽게 바꾼다. 그리고 신데렐라의 망쳐진 옷을 빛나는 드레스로, 낡은 신을 유리구두로 탈바꿈시킨다. 신데렐라가 마차에 올라타려는 참에 요정 대모는 마법은 자정이 지나면 풀리니 그 이전에 돌아오라는 당부를 남긴다.","친절하고 상냥한 아름다운 아가씨 신데렐라는 어려서 부모님을 잃고 맘씨 나쁜 계모와 시기심 많은 언니들의 구박을 받으면서도 희망을 잃지 않았다. 이에 왕은 교서를 내려 왕자의 환영 무도회가 열릴 것이니 나라 안 모든 여인들은 참석하라는 교지를 내린다. 이 소식을 들은 신데렐라의 두 언니는 왕자비가 될 것이라는 생각에 들떠 얼른 무도회 준비를 시작한다. 홀로 남겨진 신데렐라는 정원에서 서럽게 바꾼다. 그리고 신데렐라의 망쳐진 옷을 빛나는 드레스로, 낡은 신을 유리구두로 탈바꿈시킨다.",fantasy vivid colors
5,"왕자는 무도회에서 여러 여인들을 만나지만 누구에게도 관심이 없어 지루해하고 있었다. 그때 마지막으로 신데렐라가 나타나자 왕자는 반색하며 달려가 춤을 청한다. 신데렐라는 그가 누구인지도 모른 채로 잘생긴 왕자를 받아들이고, 둘은 무도회 내내 춤을 추며 다른 이들의 시선을 사로잡는다. 환골탈태한 신데렐라를 트리메인 부인과 두 언니들은 알아보지 못한다. 그러나 자정이 되자 신데렐라는 황급히 떠나게 되고, 쫓아오는 왕자를 뿌리치다가 유리구두 한 짝을 왕궁 계단에 흘린다. 놀란 공작은 경비대까지 풀어 신데렐라가 타고 나간 마차를 뒤쫓는다. 곧 마법이 풀려 마차와 말과 마부와 시종은 다시 호박과 생쥐와 말과 개로 되돌아가고 신데렐라도 누더기 소녀로 돌아오자 경비대를 피할 수 있었다. 다음날, 신데렐라는 지난밤의 일을 한순간의 꿈으로 여기고, 왕자는 사랑에 빠진다. 왕은 겨우 찾은 왕자의 짝을 놓쳤다는 것에 노발대발해서 공작을 다그치고, 공작은 유리구두가 있으니 이것이 발에 맞는 여인을 찾으면 된다고 말한다. 유리구두의 주인을 찾는다는 교지가 내려지고, 이 소식을 들은 신데렐라도 희망에 부푼다. 그때 트리메인 부인은 신데렐라가 바로 구두의 주인이란 걸 눈치채고, 신데렐라를 방에 가두고 열쇠를 주머니에 넣는다. 공작이 방문하자 두 언니들은 자기들이 구두의 주인이라면서 억지로 발을 끼워 맞춘다. 방 안에 갇힌 신데렐라를 본 생쥐들은 부인의 주머니에서 열쇠를 훔친다. 그러나 고양이 루시퍼가 방해하자, 신데렐라는 개 브루노를 불러 루시퍼를 내쫓게 한다. 루시퍼는 브루노에게 쫓겨 창 밖으로 떨어진다. 공작이 구두의 주인을 찾지 못하고 떠나기 직전 신데렐라가 나타난다. 그러나 트리메인 부인이 구두를 든 하인의 발을 걸어 넘어뜨리고, 유리구두는 그만 깨어지고 만다. 하지만 신데렐라는 유리구두의 다른 한 짝을 내놓는다. 부인은 경악하고 공작은 신데렐라가 왕자의 짝임을 인정한다. 신데렐라는 왕자와 결혼식을 올리고, 행복한 결말을 맞이한다.","왕자는 무도회에서 여러 여인들을 만나지만 누구에게도 관심이 없어 지루해하고 있었다. 그때 마지막으로 신데렐라가 나타나자 왕자는 반색하며 달려가 춤을 청한다. 그러나 자정이 되자 신데렐라는 황급히 떠나게 되고, 쫓아오는 왕자를 뿌리치다가 유리구두 한 짝을 왕궁 계단에 흘린다. 곧 마법이 풀려 마차와 말과 마부와 시종은 다시 호박과 생쥐와 말과 개로 되돌아가고 신데렐라도 누더기 소녀로 돌아오자 경비대를 피할 수 있었다. 유리구두의 주인을 찾는다는 교지가 내려지고, 이 소식을 들은 신데렐라도 희망에 부푼다. 공작이 구두의 주인을 찾지 못하고 떠나기 직전 신데렐라가 나타난다. 하지만 신데렐라는 유리구두의 다른 한 짝을 내놓는다. 신데렐라는 왕자와 결혼식을 올리고, 행복한 결말을 맞이한다.",fantasy vivid colors
6,"옛날 옛날에 모두의 사랑을 받는 작고 귀여운 소녀가 있었습니다. 하지만 그 소녀를 가장 사랑하는 것은 그녀의 할머니였습니다. 할머니는 소녀에게 무엇을 줘야 할지 몰랐습니다. 한번은 할머니가 소녀에게 붉은 벨벳으로 만들어진 모자를 선물했습니다. 소녀에게 그 모자가 잘 어울렸고, 소녀가 그 모자가 아닌 다른 것은 쓰지 않으려고 했습니다. 그래서 그 소녀는 '빨간 모자'라고 불렸습니다. 어느 날, 소녀의 엄마가 그녀에게 말했습니다. ""빨간 모자, 여기로 와보렴. 여기 케이크 한 조각과 와인 한 병을 할머니에게 가져다 주렴. 할머니가 편찮으시니까 네가 가면 기뻐하실 거야. 더워지기 전에 출발하렴. 그리고 할머니 댁에 갈 때, 조심해서 가고 길에서 벗어나지 마렴. 그렇지 않으면 네가 넘어져서 병을 깨뜨릴 거야. 그러면 할머니는 아무것도 받지 못하신단다. 그리고 할머니 방에 가면, 먼저 인사하고 방 안 구석구석을 살펴보는 것을 잊지 말아라!"" ""엄마 말 잘 들을게요."" 빨간 머리가 엄마에게 말했습니다. 하지만 할머니는 마을에서 30분 떨어진 거리에 있는 숲에 사셨습니다. 빨간 모자가 숲에 같을 때, 그녀는 늑대를 만났습니다. 하지만 빨간 모자는 늑대가 얼마나 나쁜 동물인지 몰랐고 늑대를 무서워하지 않았습니다.","옛날 옛날에 모두의 사랑을 받는 작고 귀여운 소녀가 있었습니다. 한번은 할머니가 소녀에게 붉은 벨벳으로 만들어진 모자를 선물했습니다. 여기 케이크 한 조각과 와인 한 병을 할머니에게 가져다 주렴. 하지만 할머니는 마을에서 30분 떨어진 거리에 있는 숲에 사셨습니다. 빨간 모자가 숲에 같을 때, 그녀는 늑대를 만났습니다.",fantasy vivid colors
7,"빨간 모자가 눈을 뜨고 햇빛이 나무를 향해 춤추는 모습과 예쁜 꽃들을 둘러봤을 때, 그녀는 생각했습니다. '내가 할머니께 꽃다발을 가져다 드리면, 할머니가 기뻐하실거야. 어쨌든 지금은 아직 이르니까 난 제시간에 할머니 댁에 도착할거야.' 그래서 그녀는 길에서 벗어나 꽃을 찾아 다녔습니다. 그녀가 꽃 하나를 꺾을 때마다, 그녀는 조금만 더 가면 더 예쁜 꽃이 있을 거라고 생각했습니다. 그래서 계속해서 숲 속 깊이 들어갔습니다. 하지만 늑대는 바로 할머니 댁을 향해 갔고 문을 두드렸습니다. 늑대가 손잡이를 누르고 할머니 댁으로 들어갔습니다. 말도 없이 할머니 침대로 가서 할머니를 잡아먹었습니다. 그리고 늑대는 할머니의 옷을 입고, 두건을 쓰고 침대에 누워 커튼을 쳤습니다. 하지만 빨간 모자는 계속 꽃을 찾아 다녔습니다. 그녀가 더 가져갈 수 없을 만큼 꽃을 모은 후에야, 할머니가 생각나서 할머니 댁으로 향하기 시작했습니다. 빨간 모자가 할머니 댁에 도착했을 때, 문이 열려 있어서 놀랐습니다. 할머니 방으로 들어갔을 때, 모든 것이 너무 이상해서 빨간 모자는 생각했습니다. '맙소사. 내가 왜 이렇게 무서워하지? 나는 할머니 댁에 있는 것을 좋아하잖아!' 빨간 모자가 말했습니다. ""안녕하세요."" 하지만 대답은 듣지 못했습니다. 빨간 모자가 할머니 침대로 다가가서 커튼을 젖혔습니다. 거기에 할머니가 두건을 깊게 눌러쓰고 누워있었고 매우 이상해 보였습니다. ","그래서 그녀는 길에서 벗어나 꽃을 찾아 다녔습니다. 하지만 늑대는 바로 할머니 댁을 향해 갔고 문을 두드렸습니다. 말도 없이 할머니 침대로 가서 할머니를 잡아먹었습니다. 그리고 늑대는 할머니의 옷을 입고, 두건을 쓰고 침대에 누워 커튼을 쳤습니다. 빨간 모자가 할머니 댁에 도착했을 때, 문이 열려 있어서 놀랐습니다. 빨간 모자가 할머니 침대로 다가가서 커튼을 젖혔습니다.",horror fairy tale
8,"옛날에 한 부유한 상인이 세 딸, 세 아들과 함께 살고 있었다. 여섯 남매 모두가 멋지고 아름다웠지만, 막내딸 벨은 특히 더 예쁘고 마음씨도 착했다. 그러던 어느 날 상인이 거래할 물건을 실은 배들이 거센 폭풍에 난파되면서, 상인과 가족은 모든 재산을 잃고 유일하게 남은 시골집으로 이사하게 된다. 얼마 후, 조난된 줄 알았던 배들 중 한 척이 항구로 오고 있다는 소식에 상인은 부랴부랴 그곳으로 갈 준비를 한다. 항구로 가기전에 막내딸 벨에게 무슨 선물을 사다줄지 묻자, 벨은 장미꽃 한 송이를 부탁한다. 하지만 길을 떠난 상인은 도리어 사기를 당하게 되고, 더욱 궁색해진 모습으로 돌아오던 중 폭우를 만난다. 때마침 그 근처에 있던 오래된 성으로 몸을 피한 상인은 그곳에서 우연히 눈에 띈 장미 한 송이를 꺾는다. 벨에게 선물로 줄 장미를 구한 것이었다. 하지만 이는 성의 주인이었던 야수에게 야단맞고, 그 즉시 상인을 죽이려 한다. 상인이 살려달라고 애원하자, 야수는 살고 싶다면 상인의 딸들 중 하나를 성으로 보내라고 명령한 후 상인을 돌려보낸다. 간신히 집으로 돌아온 상인은 딸들에게 자신이 야수의 성에서 겪은 이야기를 하지만, 나머지 딸들의 반응은 냉랭하다. 결국 마음착한 벨이 아버지를 대신해 성으로 향한다.","옛날에 한 부유한 상인이 세 딸, 세 아들과 함께 살고 있었다. 그러던 어느 날 상인이 거래할 물건을 실은 배들이 거센 폭풍에 난파되면서, 상인과 가족은 모든 재산을 잃고 유일하게 남은 시골집으로 이사하게 된다. 하지만 길을 떠난 상인은 도리어 사기를 당하게 되고, 더욱 궁색해진 모습으로 돌아오던 중 폭우를 만난다. 때마침 그 근처에 있던 오래된 성으로 몸을 피한 상인은 그곳에서 우연히 눈에 띈 장미 한 송이를 꺾는다. 하지만 이는 성의 주인이었던 야수에게 야단맞고, 그 즉시 상인을 죽이려 한다. 상인이 살려달라고 애원하자, 야수는 살고 싶다면 상인의 딸들 중 하나를 성으로 보내라고 명령한 후 상인을 돌려보낸다. 결국 마음착한 벨이 아버지를 대신해 성으로 향한다.",horror fairy tale
9,"성에 붙잡힌 벨과 함께 지내면서 사랑에 빠지게 된 야수는 벨이 가족을 그리워하자 마법의 거울로 아버지를 비춰준다. 거울에는 병든 상인의 모습이 비춰지고, 아버지를 만나고 싶어하는 벨을 위해 일주일 간 다녀올 수 있도록 허락해준다. 하지만 벨의 언니들은 벨이 성에서 호의호식한다는 것을 질투하며 오랜시간 성으로 돌아가지 못하게 한다. 그러던 중 벨은 마법의 거울에 비춰진 죽어가는 야수의 모습을 보게 되고, 그 즉시 야수의 성으로 달려간다. 그러나 벨이 도착했을때는 이미 너무 늦어버렸다. 결국 벨은 죽어버린 야수를 끌어안고 그에게 뒤늦은 사랑 고백을 하고, 그 순간 추악한 모습의 야수는 잘 생긴 왕자로 변하여 되살아난다. 어리둥절해하는 벨에게 왕자로 변한 야수가 모든 것을 설명해준다. 오래전 부터 왕자는 못된 마녀의 청혼을 받았었다. 하지만 왕자가 그 청혼을 거절하자, 그 못된 마녀는 왕자에게 야수로 변하는 저주를 걸었던 것이다. 이후 왕자와 벨은 정식으로 결혼식을 올리고 오래오래 행복하게 산다.","성에 붙잡힌 벨과 함께 지내면서 사랑에 빠지게 된 야수는 벨이 가족을 그리워하자 마법의 거울로 아버지를 비춰준다. 거울에는 병든 상인의 모습이 비춰지고, 아버지를 만나고 싶어하는 벨을 위해 일주일 간 다녀올 수 있도록 허락해준다. 하지만 벨의 언니들은 벨이 성에서 호의호식한다는 것을 질투하며 오랜시간 성으로 돌아가지 못하게 한다.  결국 벨은 죽어버린 야수를 끌어안고 그에게 뒤늦은 사랑 고백을 하고, 그 순간 추악한 모습의 야수는 잘 생긴 왕자로 변하여 되살아난다. 이후 왕자와 벨은 정식으로 결혼식을 올리고 오래오래 행복하게 산다.",fantasy vivid colors
10,"옛날 옛적 깊은 산 속에 가난하지만 사이좋은 오누이와 그 홀어머니 가족이 살고 있었다. 오누이의 아버지는 일찍 세상을 떠났고, 어머니 혼자 집으로부터 몇 고개를 넘어가야 나오는 먼 거리의 장터에 떡을 내다 파는 일을 하며 생계를 책임지고 있었다. 그러던 어느 늦은 밤 장터에서 팔다 남은 떡을 가지고 집으로 돌아오는 길. 어머니는 첫번째 고개에서 호랑이를 만났고, 호랑이가 “떡 하나 주면 안 잡아먹지.”라고 위협하자 어머니는 벌벌 떨며 떡을 하나 던져줬다. 그 떡을 먹고 가버린 줄 알았으나, 호랑이는 어머니가 고개를 하나하나 넘을 때마다 계속해서 똑같이 나타나 똑같은 대사를 반복하며 떡을 하나씩 뺏어먹었다. 그렇게 떡이 다 떨어지자 호랑이는 어머니까지 먹어버렸다. 그러고도 배가 덜 찬 호랑이는 아예 오누이까지 잡아먹으려고 어머니의 옷을 입고 위장한 채로 그 집을 찾아갔다. 아직 어린 여동생은 대뜸 문 밖 발소리만 듣고 어머니가 온 줄 알고 기뻐하며 바로 문을 열려 했지만, 판단력이 있었던 오빠는 여동생을 제지한 후 목소리를 내서 어머니인 것을 증명해 보라고 했다. 하지만 호랑이의 목소리가 사람의 목소리처럼 나올 순 없는 법. 호랑이는 목이 쉬어서 그렇다며 둘러댔고, 오빠가 이번에는 손을 내밀어 보라고 했다. 그 말에 호랑이가 문풍지를 뚫고 앞발을 보여주었고, 오빠는 이것은 엄마의 손이 아니라며 의심하자 호랑이는 오랜 시간 동안 일을 해서 손이 거칠어졌다며 또 둘러댔다. 그러나 문풍지 구멍 밖으로 보이는 호랑이의 희번덕한 노란 눈을 보자마자 오누이는 호랑이의 정체를 알아차렸고, 몰래 뒷문으로 빠져나와 나무 위로 몸을 피했다.","옛날 옛적 깊은 산 속에 가난하지만 사이좋은 오누이와 그 홀어머니 가족이 살고 있었다. 그러던 어느 늦은 밤 장터에서 팔다 남은 떡을 가지고 집으로 돌아오는 길. 어머니는 첫번째 고개에서 호랑이를 만났고, 호랑이가 “떡 하나 주면 안 잡아먹지.”라고 위협하자 어머니는 벌벌 떨며 떡을 하나 던져줬다. 그렇게 떡이 다 떨어지자 호랑이는 어머니까지 먹어버렸다. 그러고도 배가 덜 찬 호랑이는 아예 오누이까지 잡아먹으려고 어머니의 옷을 입고 위장한 채로 그 집을 찾아갔다. 그러나 문풍지 구멍 밖으로 보이는 호랑이의 희번덕한 노란 눈을 보자마자 오누이는 호랑이의 정체를 알아차렸고, 몰래 뒷문으로 빠져나와 나무 위로 몸을 피했다.",horror fairy tale
11,"오누이는 호랑이를 피해 계속 올라가 나무의 꼭대기까지 다다랐다. 더 이상 올라갈 곳이 없자 오누이는 지푸라기라도 잡는 심정으로 눈물을 흘리며 하늘을 향해 싹싹 빌기 시작했다. “하느님, 저희를 구해주시려면 새 동아줄을 내려주시고 그렇지 않으면 썩은 동아줄을 내려주세요.” 그러자 정말로 하늘에서 새 동아줄이 스르륵 내려왔고, 오누이는 그 동아줄을 타고 하늘로 올라가서 가까스로 목숨을 건졌다. 이를 본 호랑이도 하늘에 대고 같은 소원을 빌었지만, 이미 하늘 위에서 지금까지의 과정들을 다 내려다보고 있었던 하느님이 이런 못된 놈을 살려줄 리가 만무했고, 그에게는 썩은 동아줄을 내려주었다. 이것도 모른 채 그걸 잡고 좋아라 하늘로 올라가던 호랑이는 도중에 줄이 끊어지면서 떨어져 죽고 말았다. 이 때 호랑이의 피가 배어 수수밭의 수수가 붉게 변했다고 한다. 그렇게 하늘로 올라간 오누이는 각각 동생이 달님, 오빠가 해님이 되었다. 그런데 아직 어린 동생은 어두운 밤을 무서워해 하느님께 역할을 바꿔달라고 사정한 끝에 오빠가 대신 달님이 되고, 동생은 해님이 되었다. 또 동생은 수줍음이 많아 사람들이 자신을 볼 때마다 제대로 보지 못하게 밝은 빛을 내리쬐었고, 그 이후로 사람들은 태양을 보면 몹시 눈이 부시게 되었다고 한다.","오누이는 호랑이를 피해 계속 올라가 나무의 꼭대기까지 다다랐다. 더 이상 올라갈 곳이 없자 오누이는 지푸라기라도 잡는 심정으로 눈물을 흘리며 하늘을 향해 싹싹 빌기 시작했다. 그러자 정말로 하늘에서 새 동아줄이 스르륵 내려왔고, 오누이는 그 동아줄을 타고 하늘로 올라가서 가까스로 목숨을 건졌다. 이것도 모른 채 그걸 잡고 좋아라 하늘로 올라가던 호랑이는 도중에 줄이 끊어지면서 떨어져 죽고 말았다. 그렇게 하늘로 올라간 오누이는 각각 동생이 달님, 오빠가 해님이 되었다.",fantasy vivid colors
12,"제페토는 말하는 나무 토막을 집으로 가져가 인형을 깎아 피노키오라는 이름을 붙였다. 피노키오는 신기하게도 웃고 말하고 움직일 수 있었으며, 제페토에게 걸음마를 배우자마자 집 밖으로 뛰쳐나갔다. 제페토는 피노키오를 잡으려 쫓아나갔다가 아동 학대범 누명을 쓰고 경찰에 체포됐다. 피노키오는 웃으며 집으로 돌아왔지만 먹을 것이 없었다. 자신에게 진실한 충고를 하는 귀뚜라미에게 망치를 던져 죽인 피노키오는 이웃에 먹을 것을 얻으러 갔다가 물벼락만 뒤집어쓴 채 집으로 돌아와 젖은 다리를 말리려 화덕에 발을 올리고 잠을 청했다가 두 다리가 모두 불타 버렸다. 다음날 아침 경찰에서 석방된 제페토는 집으로 돌아와서 피노키오를 단단히 혼내려 했으나 다리가 타 버린 피노키오가 측은해져 새 다리를 만들어 주었다. 피노키오는 학교에 가고 싶다고 하고, 제페토는 자신의 겉옷을 팔아 피노키오에게 교과서를 사 주었다. 피노키오는 학교로 가는 길에 서커스단과 마주쳤고, 신발을 던져 점을 쳐서 학교로 갈지 서커스를 보러 갈지 결정했다. 학교로 가는 점이 나왔지만, 몇 번이나 계속 점을 쳐 서커스로 가는 점괘가 나오자 교과서를 판 돈으로 서커스 관람료를 내고 입장했다. 서커스단은 마침 인형극을 공연하고 있었다. 그런데 때마침 들어온 피노키오를 보고, 관객들은 인형극은 무시한채 피노키오를 무대로 데려와 껴안으며 즐거워했다. 그 덕분에 인형극은 엉망이 되고 화가 머리끝까지 난 인형 놀잇꾼은 피노키오를 잡아서 기둥에 매달아 버렸다. 인형 놀잇꾼은 저녁밥으로 먹을 양고기를 굽는 화덕에 피노키오를 장작으로 집어넣으려 한다. 피노키오는 자비를 구하자, 인형 놀잇꾼은 피노키오 대신 다른 인형을 장작으로 쓰겠다고 말했다. 그러자 피노키오는 자신을 대신 때라고 나섰고, 인형 놀잇꾼은 피노키오의 용기에 감탄해 두 인형을 모두 살려 주고는 피노키오에게 금화 다섯 닢을 주고 집으로 돌려보냈다.","제페토는 말하는 나무 토막을 집으로 가져가 인형을 깎아 피노키오라는 이름을 붙였다. 자신에게 진실한 충고를 하는 귀뚜라미에게 망치를 던져 죽인 피노키오는 이웃에 먹을 것을 얻으러 갔다가 물벼락만 뒤집어쓴 채 집으로 돌아와 젖은 다리를 말리려 화덕에 발을 올리고 잠을 청했다가 두 다리가 모두 불타 버렸다. 피노키오는 학교에 가고 싶다고 하고, 제페토는 자신의 겉옷을 팔아 피노키오에게 교과서를 사 주었다. 피노키오는 학교로 가는 길에 서커스단과 마주쳤고, 신발을 던져 점을 쳐서 학교로 갈지 서커스를 보러 갈지 결정했다. 서커스단은 마침 인형극을 공연하고 있었다. 그런데 때마침 들어온 피노키오를 보고, 관객들은 인형극은 무시한채 피노키오를 무대로 데려와 껴안으며 즐거워했다. 그 덕분에 인형극은 엉망이 되고 화가 머리끝까지 난 인형 놀잇꾼은 피노키오를 잡아서 기둥에 매달아 버렸다. 그러자 피노키오는 자신을 대신 때라고 나섰고, 인형 놀잇꾼은 피노키오의 용기에 감탄해 두 인형을 모두 살려 주고는 피노키오에게 금화 다섯 닢을 주고 집으로 돌려보냈다.",fantasy vivid colors
13,"피노키오는 자신의 지난 일을 이야기하고 소녀는 피노키오에게 금화의 행방을 물었다. 피노키오는 잃어버렸다고 대답했는데, 그 때 피노키오의 코가 갑자기 길어졌다. 당황한 피노키오가 약을 먹다가 삼켜 버렸다고 하자 코는 한층 더 길어졌다. 피노키오가 코를 주체하지 못하고 엉엉 울자 소녀는 딱따구리 떼를 불러 피노키오의 코를 쪼아내게 했다. 코가 원래대로 돌아온 피노키오에게 소녀는 자신과 함께 살자고 제안하고 피노키오는 아버지를 생각해 거절하나, 소녀는 이미 제페토에게 기별을 해 그 날 저녁이면 도착할 것이라고 말했다. 피노키오는 제페토를 마중하러 숲을 나왔다. 숲 언저리에서 여우와 고양이를 다시 만난 피노키오는 강도에게 쫓긴 이야기를 하는데 고양이의 앞발 한 쪽이 잘려나간 것을 보았다. 여우는 고양이가 굶주린 동물에게 자신의 한 쪽 앞발을 잘라주었다고 둘러대고 피노키오를 바보 나라의 벌판으로 데려가 금화를 심게 했다. 20분 후에 돌아오라고 한 후 둘은 어디론가 가 버렸다. 피노키오는 희망에 부풀어 20분 동안 주변을 거니는데 앵무새가 멍청이를 비웃는 말을 하자, 자신이라고 바로 알아듣고는 금화를 심은 곳으로 가 땅을 팠다. 하지만 금화는 두 도둑이 이미 훔쳐간 뒤였다. 피노키오는 바보 나라의 재판관에게 두 도둑을 신고했고, 재판관은 피노키오를 감옥에 가둬 버리라고 명했다. 피노키오는 감옥에 4개월동안 갇혀 있었다. 4개월 후 바보 나라의 왕이 전쟁에서 이겨 죄인들을 모두 특별사면하라는 명령을 내린다. 피노키오도 나가려 했으나 간수는 죄수만이 석방되며 결백한 사람은 그냥 갇혀 있어야 한다고 내보내 주지 않았다. 피노키오는 자신도 죄인이라고 주장하자 간수는 인사까지 하며 피노키오를 보내 주었다.","피노키오는 자신의 지난 일을 이야기하고 소녀는 피노키오에게 금화의 행방을 물었다. 피노키오는 잃어버렸다고 대답했는데, 그 때 피노키오의 코가 갑자기 길어졌다. 여우는 고양이가 굶주린 동물에게 자신의 한 쪽 앞발을 잘라주었다고 둘러대고 피노키오를 바보 나라의 벌판으로 데려가 금화를 심게 했다. 하지만 금화는 두 도둑이 이미 훔쳐간 뒤였다. 피노키오는 바보 나라의 재판관에게 두 도둑을 신고했고, 재판관은 피노키오를 감옥에 가둬 버리라고 명했다. 피노키오는 자신도 죄인이라고 주장하자 간수는 인사까지 하며 피노키오를 보내 주었다.",fantasy vivid colors
14,"어떤 곳에 엄마 염소와 아기 염소들이 살고 있었다. 어느 날 막내의 생일을 맞아서 엄마 염소가 시장으로 먹을 것을 사러 가게 되어 아기염소들에게 ""엄마 시장보고 올 동안 집 잘 보고 있어라, 그리고 아무한테나 함부로 문 열어주지 마라. 특히 늑대를 조심해야 한다. 늑대는 변장을 잘하고 손이 시커멓고 목소리가 굵고 거칠고 쉬어 터졌기 때문에 금방 알아챌 수 있단다. 늑대가 들어오면 너희들을 다 잡아먹을 것이다. 엄마가 맞으면 열어주어라.""라며 주의를 주고 나간 뒤 늑대가 찾아왔다. 늑대는 아기 염소들에게 엄마라고 하면서 문을 열라고 했지만, 아기 염소들은 거친 목소리를 들은 다음 ""누가 속을 줄 알아? 넌 우리 엄마가 아니야! 우리 엄마 목소리가 얼마나 예쁜데? 목소리가 이렇게 굵고 거칠고 쉬어 터졌으면 네가 늑대라는 거지!""라고 하면서 속지 않았다. 그러자 늑대가 제과점으로 가서 꿀이 뚝뚝 떨어지는 케이크를 먹어서[2] 목소리를 곱게 한 다음[3] 다시 염소네 집으로 가서 문을 두드렸지만, 아기 염소들은 늑대의 시커먼 손을 보고는 정체를 눈치챘다. 그러자 늑대가 다시 제과점으로 가서 주인에게 밀가루를 빌려달라고 했다가 보기 좋게 거절을 당하고 빗자루 타작만 당한 뒤 이번에는 방앗간으로 가서 밀가루를 손에 바른 뒤에 다시 염소 가족의 집으로 가서 하얗게 칠한 손을 내밀었다. 문 틈으로 흰 손을 본 아기염소들은 엄마가 왔다고 생각하면서 문을 열어준 결과 간발의 차이로 벽시계 속에 숨은 막내만 빼고 모두 잡아 먹혔다.","어떤 곳에 엄마 염소와 아기 염소들이 살고 있었다. 어느 날 막내의 생일을 맞아서 엄마 염소가 시장으로 먹을 것을 사러 가게 되어 아기염소들에게 ""엄마 시장보고 올 동안 집 잘 보고 있어라, 그리고 아무한테나 함부로 문 열어주지 마라. 특히 늑대를 조심해야 한다. 늑대는 변장을 잘하고 손이 시커멓고 목소리가 굵고 거칠고 쉬어 터졌기 때문에 금방 알아챌 수 있단다. 늑대가 들어오면 너희들을 다 잡아먹을 것이다. 엄마가 맞으면 열어주어라.""라며 주의를 주고 나간 뒤 늑대가 찾아왔다. 늑대는 아기 염소들에게 엄마라고 하면서 문을 열라고 했지만, 아기 염소들은 거친 목소리를 들은 다음 ""누가 속을 줄 알아? 넌 우리 엄마가 아니야! 우리 엄마 목소리가 얼마나 예쁜데? 목소리가 이렇게 굵고 거칠고 쉬어 터졌으면 네가 늑대라는 거지!""라고 하면서 속지 않았다. 그러자 늑대가 다시 제과점으로 가서 주인에게 밀가루를 빌려달라고 했다가 보기 좋게 거절을 당하고 빗자루 타작만 당한 뒤 이번에는 방앗간으로 가서 밀가루를 손에 바른 뒤에 다시 염소 가족의 집으로 가서 하얗게 칠한 손을 내밀었다. 문 틈으로 흰 손을 본 아기염소들은 엄마가 왔다고 생각하면서 문을 열어준 결과 간발의 차이로 벽시계 속에 숨은 막내만 빼고 모두 잡아 먹혔다.",horror fairy tale
15,"라푼첼은 금실 같이 훌륭하고 엄청나게 기다란 머리카락을 가지고 있었거든요. 그래서 여자마법사의 목소리가 들리면, 땋았던 머리카락을 풀어 창문 고리들 중 하나에 감고서 20미터 아래까지 머리카락을 늘어뜨리면 여자마법사가 그걸 잡고서 올라왔어요. 일 이 년 후, 왕자님이 말을 타고 숲에 들어오셨다 그 탑을 지나가게 되었어요. 그런데 어디서 매우 아름다운 노랫소리가 들려 왕자님은 멈춰 서서 듣고 있었답니다. 그 목소리는 라푼첼의 목소리였어요. 그녀는 사랑스러운 목소리를 가졌는데 심심할 때면 고독함을 달래기 위해 노래를 불렀답니다. 왕자님은 그녀가 있는 곳까지 올라가고 싶어서 탑의 문을 찾아보았지만 그 어디에도 출입구는 없었어요. 그래서 일단 돌아갔는데 어쨌든 이번 일로 왕자님은 그녀의 노랫소리에 큰 감명을 받았답니다. 이후 왕자님은 매일 숲으로 와서 그녀의 노랫소리를 들었어요. 그러다 한 번은 나무 아래에 서 있는데, 여자마법사가 거리로 오지 뭐예요. 곧 그 여자마법사가 어찌어찌 소리치는 게 들렸어요. “라푼첼아, 라푼첼아, 네 머리카락을 아래로 내려주렴.” 라푼첼이 자신의 땋은 머리를 내려주자 여자마법사가 그걸 잡고 탑으로 올라갔어요. “그녀의 머리카락이 사다리 역할을 하는 거라면, 나도 한번 운을 시험해보리라.”라고 왕자님은 말했어요. 다음날 어둠이 깔리기 시작할 무렵에 왕자님은 탑으로 가 소리쳤어요. “라푼첼아, 라푼첼아, 네 머리카락을 아래로 내려주렴.” 그 즉시 머리카락이 내려와 왕자님은 부여잡고 올라갔어요.","라푼첼은 금실 같이 훌륭하고 엄청나게 기다란 머리카락을 가지고 있었거든요. 그래서 여자마법사의 목소리가 들리면, 땋았던 머리카락을 풀어 창문 고리들 중 하나에 감고서 20미터 아래까지 머리카락을 늘어뜨리면 여자마법사가 그걸 잡고서 올라왔어요. 일 이 년 후, 왕자님이 말을 타고 숲에 들어오셨다 그 탑을 지나가게 되었어요. 왕자님은 그녀가 있는 곳까지 올라가고 싶어서 탑의 문을 찾아보았지만 그 어디에도 출입구는 없었어요. 다음날 어둠이 깔리기 시작할 무렵에 왕자님은 탑으로 가 소리쳤어요. “라푼첼아, 라푼첼아, 네 머리카락을 아래로 내려주렴.” 그 즉시 머리카락이 내려와 왕자님은 부여잡고 올라갔어요.",fantasy vivid colors
16,왕자님은 상심에 그만 제 정신을 잃고 절망감에 그만 탑에서 뛰어내리고 말았어요. 다행히 죽지는 않았지만 떨어질 때 가시나무에 떨어지는 바람에 두 눈을 가시에 찔리고 말았어요. 이후 왕자님은 눈이 먼 상태에서 숲을 방황했어요. 그렇게 왕자님은 뿌리와 열매 외엔 아무 것도 먹지 못했답니다. 그리고 사랑하는 아내를 잃은 것이 너무도 슬퍼 하염없는 눈물말 흘리셨어요. 그렇게 수년간을 비탄에 잠겨 떠돌아다니시다 마침내 라푼첼이 살고 있는 ‘황무지’(사람의 손이 가지 않은 거칠고 쓸모없는 땅)에까지 다다르게 되셨어요. 그 황무지는 라푼첼이 쌍둥이 남매(오빠와 여동생)를 낳고 가엾게 살고 있던 곳이었어요. 왕자님은 너무도 친숙한 라푼첼의 목소리가 들리자 앞으로 나아갔어요. 왕자님이 다가오자마자 라푼첼은 그를 알아보고 목을 감사며 안겨서 울었어요. 그때 라푼첼의 눈물 두 방울이 왕자님의 눈들을 젖셨어요. 그러자 왕자님의 시력이 점점 밝아지며 급기야 예전처럼 라푼첼을 볼 수 있게 되었어요. 왕자님은 라푼첼을 데리고 자신의 왕국으로 돌아갔어요. 왕국에서도 왕자님 일행을 대환영해주었어요. 이후 그들은 행복해하고 만족해하며 오래토록 잘 살았답니다.,왕자님은 상심에 그만 제 정신을 잃고 절망감에 그만 탑에서 뛰어내리고 말았어요. 다행히 죽지는 않았지만 떨어질 때 가시나무에 떨어지는 바람에 두 눈을 가시에 찔리고 말았어요. 왕자님은 너무도 친숙한 라푼첼의 목소리가 들리자 앞으로 나아갔어요. 왕자님이 다가오자마자 라푼첼은 그를 알아보고 목을 감사며 안겨서 울었어요. 그러자 왕자님의 시력이 점점 밝아지며 급기야 예전처럼 라푼첼을 볼 수 있게 되었어요. 왕자님은 라푼첼을 데리고 자신의 왕국으로 돌아갔어요. 왕국에서도 왕자님 일행을 대환영해주었어요. 이후 그들은 행복해하고 만족해하며 오래토록 잘 살았답니다.,fantasy vivid colors
17,"헨젤과 그레텔은 가난한 나무꾼의 아이들이다. 가난을 두려워한 계모는 남편에게 아이들을 숲 속에 버리라고 종용한다. 헨젤과 그레텔은 그녀의 계획을 듣고 집으로 가는 길을 표시하기 위해 하얀 조약돌을 모은다. 그들이 돌아오자 계모는 다시 아이들을 버릴 것을 이야기한다. 그때는 헨젤과 그레텔에겐 표식을 남길 것이 없었다. 다음 번에는 빵 조각으로 길을 표시하지만, 불행하게도 숲의 동물들이 빵 조각을 먹어버려 헨젤과 그레텔은 길을 잃고 만다. 숲 속에서 길을 잃은 그들은 빵과 설탕 창문으로 만들어진 집을 발견한다. 이 집에 거주하는 노파는 그들을 안으로 초대하고 그들을 위해 축제를 준비한다. 하지만 그녀는 사실 마녀이고 그 집은 아이들을 꾀기 위해 지은 것인데 아이들이 살이 찌면 마녀가 잡아 먹는 것이었다. 마녀는 헨젤을 우리에 가두었고 그레텔을 하녀로 삼는다. 마녀는 헨젤을 끓일 준비를 하는 동안 그레텔에게 올라가서 빵을 굽는 오븐이 준비가 되었는지 확인하라고 한다. 하지만, 그레텔은 마녀가 그녀를 구울 생각임을 알고 꾀를 내어 마녀를 오븐 속으로 들어가게 하고 뒤에서 오븐을 잠근다. 마녀의 집에서 보석을 가지고 나온 후 집으로 돌아가 아버지와 재회하는데 계모는 이미 죽은 이후였다. 이로써 모든 근심은 끝나고 그 후로 그들은 오랫동안 행복하게 살았다.","헨젤과 그레텔은 가난한 나무꾼의 아이들이다. 가난을 두려워한 계모는 남편에게 아이들을 숲 속에 버리라고 종용한다. 헨젤과 그레텔은 그녀의 계획을 듣고 집으로 가는 길을 표시하기 위해 하얀 조약돌을 모은다. 다음 번에는 빵 조각으로 길을 표시하지만, 불행하게도 숲의 동물들이 빵 조각을 먹어버려 헨젤과 그레텔은 길을 잃고 만다. 숲 속에서 길을 잃은 그들은 빵과 설탕 창문으로 만들어진 집을 발견한다. 이 집에 거주하는 노파는 그들을 안으로 초대하고 그들을 위해 축제를 준비한다. 하지만 그녀는 사실 마녀이고 그 집은 아이들을 꾀기 위해 지은 것인데 아이들이 살이 찌면 마녀가 잡아 먹는 것이었다. 하지만, 그레텔은 마녀가 그녀를 구울 생각임을 알고 꾀를 내어 마녀를 오븐 속으로 들어가게 하고 뒤에서 오븐을 잠근다. 마녀의 집에서 보석을 가지고 나온 후 집으로 돌아가 아버지와 재회하는데 계모는 이미 죽은 이후였다. 이로써 모든 근심은 끝나고 그 후로 그들은 오랫동안 행복하게 살았다.",fantasy vivid colors
18,"아이를 간절히 원하던 어느 왕과 왕비가 귀여운 딸을 얻게 되었다. 공주의 탄생을 축하하기 위해 왕은 나라안의 마법사를 초대하기로 했다. 손님을 대접할 황금 접시가 12개밖에 없었기 때문에 부득이하게 왕은 열두 명의 마법사밖에 초대할 수가 없었다. 초대받은 마법사들은 한 사람씩 공주에게 마법을 걸어 아름다움, 지혜 등 훌륭한 선물을 주었다. 11번째의 마법사까지 선물을 주었을 때, 초대받지 못한 13번째 마법사가 나타나 ""공주는 물레 바늘에 찔려 죽을 것이다"" 라고 저주를 걸었다. 미처 선물을 주지 않았던 12번째 마법사는 그 저주를 풀 수는 없었지만 대신 죽음이 아닌 100년 동안의 깊은 잠이 들도록 바꾸었다. 왕은 나라안의 모든 물레를 불태우도록 했고, 이런 사실을 모른 채 공주는 무럭무럭 자라나 15세가 되었다. 혼자서 성을 돌아다니던 공주는 탑 꼭대기에서 실을 잣는 노파를 발견했고, 물레바늘에 손을 찔려 깊은 잠에 빠졌다. 공주뿐만 아니라 왕과 왕비, 성 안의 모든 사람들이 잠이 들었고 성안은 가시덤불이 에워싸 아무도 들어갈 수 없게 되었다. 많은 왕자들이 공주를 구하기 위해 성으로 들어가려고 했지만 모두 실패했다. 100년이 지난 후 근처를 지나가던 한 왕자가 소문을 듣고 성을 찾아왔고, 그는 성으로 들어가 공주에게 입을 맞추었다. 잠에서 깨어난 공주는 왕자와 결혼해 행복하게 살았다.","아이를 간절히 원하던 어느 왕과 왕비가 귀여운 딸을 얻게 되었다. 손님을 대접할 황금 접시가 12개밖에 없었기 때문에 부득이하게 왕은 열두 명의 마법사밖에 초대할 수가 없었다. 11번째의 마법사까지 선물을 주었을 때, 초대받지 못한 13번째 마법사가 나타나 ""공주는 물레 바늘에 찔려 죽을 것이다"" 라고 저주를 걸었다. 미처 선물을 주지 않았던 12번째 마법사는 그 저주를 풀 수는 없었지만 대신 죽음이 아닌 100년 동안의 깊은 잠이 들도록 바꾸었다. 혼자서 성을 돌아다니던 공주는 탑 꼭대기에서 실을 잣는 노파를 발견했고, 물레바늘에 손을 찔려 깊은 잠에 빠졌다. 많은 왕자들이 공주를 구하기 위해 성으로 들어가려고 했지만 모두 실패했다. 100년이 지난 후 근처를 지나가던 한 왕자가 소문을 듣고 성을 찾아왔고, 그는 성으로 들어가 공주에게 입을 맞추었다. 잠에서 깨어난 공주는 왕자와 결혼해 행복하게 살았다.",fantasy vivid colors
19,"아주 옛날 한 마을에 나무꾼이 홀어머니를 모시고 살고 있었다. 어느 날 나무꾼이 부지런히 나무를 베고 있었는데, 사냥꾼에게 쫓기던 사슴 한 마리가 달려와서는 살려 달라고 애원했다. 나무꾼은 쌓아 놓은 나뭇더미 속에 사슴을 숨겨서 사냥꾼으로부터 구해 주었다. 무사히 살아난 사슴은 나무꾼에게 산을 돌아 나가면 하늘의 선녀들이 멱을 감는 연못이 있다고 귀띔해 주었다. 그리고 선녀들이 멱감는 틈을 타서 그중 한 선녀의 날개옷을 감추라고 했다. 하늘로 올라가지 못한 선녀를 집으로 데려와 보살피면 이내 아내가 될 거라고 했다. 그런데 둘이 결혼해서 세 아이를 낳기까지는 날개옷을 깊이 감추고 절대로 보여 주지 말라고 했다. 나무꾼은 연못을 찾아가서 사슴이 일러준 대로 했다. 멱을 다 감은 선녀들이 다들 하늘로 돌아가는데, 날개옷을 도둑맞은 막내 선녀는 그러지 못하고 울고만 있었다. 나무꾼은 막내 선녀를 제 집으로 데리고 와서 아내로 삼았다. ","아주 옛날 한 마을에 나무꾼이 홀어머니를 모시고 살고 있었다. 어느 날 나무꾼이 부지런히 나무를 베고 있었는데, 사냥꾼에게 쫓기던 사슴 한 마리가 달려와서는 살려 달라고 애원했다. 나무꾼은 쌓아 놓은 나뭇더미 속에 사슴을 숨겨서 사냥꾼으로부터 구해 주었다. 나무꾼은 연못을 찾아가서 사슴이 일러준 대로 했다. 멱을 다 감은 선녀들이 다들 하늘로 돌아가는데, 날개옷을 도둑맞은 막내 선녀는 그러지 못하고 울고만 있었다. 나무꾼은 막내 선녀를 제 집으로 데리고 와서 아내로 삼았다.",fantasy vivid colors
20,"나무꾼은 선녀와 수삼 년을 지나는 사이에 아이를 둘 얻었다. 아내는 이제 아이를 둘이나 두었으니 제발 날개옷을 보여 달라고 했다. 결국 나무꾼은 날개 옷을 꺼내 와서 선녀에게 건네 주었다. 아내는 날개옷을 날쌔게 입더니 두 아이의 손을 잡고는 훨훨 날아서 하늘로 올라가 버렸다. 혼자 내버려진 나무꾼에게 사슴이 찾아왔다. 사슴은 연못을 다시 찾아가면 하늘에서 두레박이 내려올 것이라고 했다. 나무꾼은 연못으로 가서 두레박을 타고 하늘로 올라가서 아내와 아이들을 만났다. 그렇지만 나무꾼은 어머니가 걱정이 되어 다시 지상으로 내려가고자 했다. 아내는 천마 한 마리를 내주면서 타고 가서 어머니를 만나되, 무슨 일이 있어도 말에서 내려 땅을 밟지 말라고 했다. 나무꾼은 천마를 타고 지상에 내려와서 어머니를 만났다. 어머니는 아들이 좋아하는 팥죽을 끓여 주었고, 아들은 팥죽이 너무 뜨거운 탓에 먹다가 말 등에 흘리고 말았다. 그러자 말이 기겁하고 뛰는 바람에 나무꾼은 땅바닥에 떨어지고 천마는 하늘로 올라가 버렸다. 다시는 하늘로 못 가게 된 나무꾼은 그 자리에서 닭이 되었다. 그래서는 아침마다 하늘을 향해서 울부짖듯이 울었다.","나무꾼은 선녀와 수삼 년을 지나는 사이에 아이를 둘 얻었다. 아내는 이제 아이를 둘이나 두었으니 제발 날개옷을 보여 달라고 했다. 결국 나무꾼은 날개 옷을 꺼내 와서 선녀에게 건네 주었다. 아내는 날개옷을 날쌔게 입더니 두 아이의 손을 잡고는 훨훨 날아서 하늘로 올라가 버렸다. 나무꾼은 연못으로 가서 두레박을 타고 하늘로 올라가서 아내와 아이들을 만났다. 아내는 천마 한 마리를 내주면서 타고 가서 어머니를 만나되, 무슨 일이 있어도 말에서 내려 땅을 밟지 말라고 했다. 나무꾼은 천마를 타고 지상에 내려와서 어머니를 만났다. 어머니는 아들이 좋아하는 팥죽을 끓여 주었고, 아들은 팥죽이 너무 뜨거운 탓에 먹다가 말 등에 흘리고 말았다. 그러자 말이 기겁하고 뛰는 바람에 나무꾼은 땅바닥에 떨어지고 천마는 하늘로 올라가 버렸다. 다시는 하늘로 못 가게 된 나무꾼은 그 자리에서 닭이 되었다. 그래서는 아침마다 하늘을 향해서 울부짖듯이 울었다.",horror fairy tale
21,소인국에서 돌아온 뒤 걸리버는 다시 배를 탄다. 처음에 순항하는 듯 보였으나 폭풍을 만난 후 어디론가 알지 못하는 섬에 도착했는데 거인들을 보고 놀란 다른 선원들이 걸리버를 내버려두고 도망간다. 홀로 남겨진 그는 한 농부 거인에게 붙잡히고 농장 주인의 집에 머물게 된다. 농장 주인은 걸리버를 데리고 여행을 다니며 식탁 위에서 쇼를 보여줌으로 돈을 번다. 이후 농부는 싼 값에 그를 왕비에게 팔고 왕도 만나게 된다. 걸리버는 왕에게는 자신의 조국인 영국의 온갖 관습에 대해 자랑하지만 국왕은 그렇게 받아들이지 않는다. 브로브딩내그의 국왕은 걸리버가 열변을 토하면서 실드를 친 영국의 지적 능력을 까고 브로브딩내그에서의 이야기를 하면서 독자들에게 여러 문제에 대해여 생각해 보도록 유도한다. 특히 법이 한 가지 해석밖에 수용하지 않는다고 이야기하면서 법의 순수함의 이유와 그것이 지켜지지 않으면 영국의 현실에 문제가 있을 것이라며 통렬하게 까는 것은 백미. 이 거인들 역시 자연을 두려워하며 이들에게 외부적으로는 적이 없지만 내부적으로 내란에 의해 군대가 있다고 말한다. 궁중 생활은 즐겁지만 인간의 존엄성이 버려진 나라에서 자유를 그리워하던 걸리버는 바닷가에서 자신의 '별장'에 들어앉아 휴식을 취하던 중 독수리가 별장을 낚아채 날아가다가 바다에 떨어뜨린다. 이후 바다를 표류하던 걸리버는 다시 영국 배를 만나서 고국으로 돌아온다. 그의 여행에 관해 믿지 못하는 그들에게 실제 물품들을 보여주고 걸리버는 자신만한 사람들을 보면서 익숙하지 못함으로 비웃음을 터뜨린다.,소인국에서 돌아온 뒤 걸리버는 다시 배를 탄다. 처음에 순항하는 듯 보였으나 폭풍을 만난 후 어디론가 알지 못하는 섬에 도착했는데 거인들을 보고 놀란 다른 선원들이 걸리버를 내버려두고 도망간다. 홀로 남겨진 그는 한 농부 거인에게 붙잡히고 농장 주인의 집에 머물게 된다. 농장 주인은 걸리버를 데리고 여행을 다니며 식탁 위에서 쇼를 보여줌으로 돈을 번다. 이후 농부는 싼 값에 그를 왕비에게 팔고 왕도 만나게 된다. 궁중 생활은 즐겁지만 인간의 존엄성이 버려진 나라에서 자유를 그리워하던 걸리버는 바닷가에서 자신의 '별장'에 들어앉아 휴식을 취하던 중 독수리가 별장을 낚아채 날아가다가 바다에 떨어뜨린다.이후 바다를 표류하던 걸리버는 다시 영국 배를 만나서 고국으로 돌아온다. 그의 여행에 관해 믿지 못하는 그들에게 실제 물품들을 보여주고 걸리버는 자신만한 사람들을 보면서 익숙하지 못함으로 비웃음을 터뜨린다.,fantasy vivid colors
22,"옛날 옛적에 어머니와 단둘이 가난하게 살던 알라딘이라는 소년이 있었습니다. 어느 날 알라딘은 아버지의 형으로 행세하는 나쁜 마법사의 꾐에 빠져 동굴 속에 있는 램프를 가지러 가게 되었습니다. 알라딘의 램프를 들고 동굴 입구에 다다르자, 마법사는 램프를 빨리 넘겨 달라고 했습니다. 그러나 알라딘이 이를 거절했더니 화가 난 마법사는 입구를 막았고, 알라딘은 꼼짝없이 동굴 속에 갇히게 되었습니다. 알라딘은 마법사에게서 받은 마법의 반지를 문질러 보았습니다. 그러자 반지에서 거인이 나타나 알라딘을 집까지 데려다주었습니다. 집으로 가져간 램프에서도 거인이 나타나 알라딘을 부자로 만들어 주었습니다. 알라딘은 공주와 결혼까지 하게 되었습니다. 이를 알게 된 마법사는 알라딘이 외출한 틈을 타 공주를 속여 램프를 빼앗았습니다. 하지만 알라딘은 반지와 거인의 힘을 빌려 마법사를 쓰러뜨리고 공주와 행복하게 살았습니다.",옛날 옛적에 어머니와 단둘이 가난하게 살던 알라딘이라는 소년이 있었습니다. 어느 날 알라딘은 아버지의 형으로 행세하는 나쁜 마법사의 꾐에 빠져 동굴 속에 있는 램프를 가지러 가게 되었습니다. 알라딘은 마법사에게서 받은 마법의 반지를 문질러 보았습니다. 그러자 반지에서 거인이 나타나 알라딘을 집까지 데려다주었습니다. 이를 알게 된 마법사는 알라딘이 외출한 틈을 타 공주를 속여 램프를 빼앗았습니다. 하지만 알라딘은 반지와 거인의 힘을 빌려 마법사를 쓰러뜨리고 공주와 행복하게 살았습니다.,fantasy vivid colors